supplier,product_name,origin_country,process,producer,selected_option_for_6kg,sku,unit_size_kg,base_unit_price_gbp,base_price_per_kg_gbp,discount_for_6kg_pct,price_per_kg_at_6kg_gbp,total_price_for_6kg_gbp,stock_cap_units,available_for_6kg,pricing_note,product_url,image_url,selling_uplift_per_kg_gbp,selling_price_per_kg_roasted_gbp,total_selling_price_for_6kg_roasted_gbp,gross_profit_for_6kg_gbp,gross_margin_pct,margin_note
Falcon Micro,"Guayabos, Café Agrario, Colombia",Colombia,Washed,Café Agrario,1000 g pack,FSC-8227,1.00,18.70,18.70,5,17.77,106.59,,,Falcon 6 kg total calculated using the 5 kg quantity-break tier: base price x 95% x 6.,https://www.falcon-micro.com/products/guayabos-cafe-agrario-colombia-washed-fsc-8227,https://cdn.shopify.com/s/files/1/0826/3978/2207/files/FSC-8227.png?v=1766050162,4.00,21.77,130.62,24.03,18.40,Gross margin = (6kg roasted selling total - 6kg green coffee cost) / 6kg roasted selling total. Assumes fixed £4/kg uplift and no roast weight-loss adjustment.
Falcon Micro,"Fazenda Pinhal, Gabarra Teixeria Family, Brazil",Brazil,Natural,Gabarra Teixeria Family,1000 g pack,FSC-8253,1.00,14.50,14.50,5,13.78,82.65,,,Falcon 6 kg total calculated using the 5 kg quantity-break tier: base price x 95% x 6.,https://www.falcon-micro.com/products/fazenda-pinhal-gabarra-teixeria-family-brazil-natural-fsc-8253,https://cdn.shopify.com/s/files/1/0826/3978/2207/files/pinhal_micro-1_copy_3.jpg?v=1773159468,4.00,17.78,106.68,24.03,22.53,Gross margin = (6kg roasted selling total - 6kg green coffee cost) / 6kg roasted selling total. Assumes fixed £4/kg uplift and no roast weight-loss adjustment.
Falcon Micro,"Imbalu, The Coffee Yard, Uganda",Uganda,Anaerobic Natural,Imbalu,1000 g pack,FSC-8617,1.00,21.00,21.00,5,19.95,119.70,,,Falcon 6 kg total calculated using the 5 kg quantity-break tier: base price x 95% x 6.,https://www.falcon-micro.com/products/imbalu-the-coffee-yard-uganda-anaerobic-natural-fsc-8617,https://cdn.shopify.com/s/files/1/0826/3978/2207/files/imbalu_micro-1_copy_2.jpg?v=1776267430,4.00,23.95,143.70,24.00,16.70,Gross margin = (6kg roasted selling total - 6kg green coffee cost) / 6kg roasted selling total. Assumes fixed £4/kg uplift and no roast weight-loss adjustment.
Falcon Micro,"Bellavista, Huabal, Peru",Peru,Natural,Bellavista,1000 g pack,FSC-8628,1.00,20.00,20.00,5,19.00,114.00,,,Falcon 6 kg total calculated using the 5 kg quantity-break tier: base price x 95% x 6.,https://www.falcon-micro.com/products/bellavista-huabal-peru-natural-fsc-8628,https://cdn.shopify.com/s/files/1/0826/3978/2207/files/bellavista-28.jpg?v=1776335583,4.00,23.00,138.00,24.00,17.39,Gross margin = (6kg roasted selling total - 6kg green coffee cost) / 6kg roasted selling total. Assumes fixed £4/kg uplift and no roast weight-loss adjustment.
Falcon Micro,"Kiamabara AB, Nyeri County, Kenya",Kenya,Washed,Mugaga Farmers’ Cooperative Society,1000 g pack,FSC-8710,1.00,18.60,18.60,5,17.67,106.02,,,Falcon 6 kg total calculated using the 5 kg quantity-break tier: base price x 95% x 6.,https://www.falcon-micro.com/products/kiamabara-ab-nyeri-county-kenya-washed-fsc-8710,https://cdn.shopify.com/s/files/1/0826/3978/2207/files/kiamabara-28.jpg?v=1774871474,4.00,21.67,130.02,24.00,18.46,Gross margin = (6kg roasted selling total - 6kg green coffee cost) / 6kg roasted selling total. Assumes fixed £4/kg uplift and no roast weight-loss adjustment.
Falcon Micro,"Sidamo Taferi Kela - Kickstart Natural - Lot 25.17, Bette Buna, Ethiopia",Ethiopia,Natural,Bette Buna,1000 g pack,FSC-7761,1.00,20.00,20.00,5,19.00,114.00,,,Falcon 6 kg total calculated using the 5 kg quantity-break tier: base price x 95% x 6.,https://www.falcon-micro.com/products/sidamo-taferi-kela-kickstart-lot-25-17-bette-buna-ethiopia-natural-fsc-7761,https://cdn.shopify.com/s/files/1/0826/3978/2207/files/bette_b-28.jpg?v=1773931664,4.00,23.00,138.00,24.00,17.39,Gross margin = (6kg roasted selling total - 6kg green coffee cost) / 6kg roasted selling total. Assumes fixed £4/kg uplift and no roast weight-loss adjustment.
Falcon Micro,"Muki Fruity, The Coffee Yard, Uganda",Uganda,Anaerobic Natural,Muki Fruity,1000 g pack,FSC-8684,1.00,19.00,19.00,5,18.05,108.30,,,Falcon 6 kg total calculated using the 5 kg quantity-break tier: base price x 95% x 6.,https://www.falcon-micro.com/products/muki-fruity-the-coffee-yard-uganda-anaerobic-natural-fsc-8684,https://cdn.shopify.com/s/files/1/0826/3978/2207/files/muki-28.jpg?v=1776267301,4.00,22.05,132.30,24.00,18.14,Gross margin = (6kg roasted selling total - 6kg green coffee cost) / 6kg roasted selling total. Assumes fixed £4/kg uplift and no roast weight-loss adjustment.
Falcon Micro,"Cajamarca, Falcon Coffees Peru, Peru",Peru,Washed,Cajamarca,1000 g pack,FSC-8554,1.00,15.00,15.00,5,14.25,85.50,,,Falcon 6 kg total calculated using the 5 kg quantity-break tier: base price x 95% x 6.,https://www.falcon-micro.com/products/cajamarca-falcon-coffees-peru-peru-washed-fsc-8554,https://cdn.shopify.com/s/files/1/0826/3978/2207/files/cajamarca_micro-1_copy_3.jpg?v=1776335640,4.00,18.25,109.50,24.00,21.92,Gross margin = (6kg roasted selling total - 6kg green coffee cost) / 6kg roasted selling total. Assumes fixed £4/kg uplift and no roast weight-loss adjustment.
Falcon Micro,"Lala Salama Decaf, Abay Teka District, Ethiopia",Ethiopia,Decaf,Mixed,1000 g pack,FSC-8613,1.00,16.50,16.50,5,15.68,94.05,,,Falcon 6 kg total calculated using the 5 kg quantity-break tier: base price x 95% x 6.,https://www.falcon-micro.com/products/lala-salama-decaf-abay-teka-district-ethiopia-decaf-fsc-8613,https://cdn.shopify.com/s/files/1/0826/3978/2207/files/lala_salama_decaf-36.jpg?v=1772197576,4.00,19.68,118.08,24.03,20.35,Gross margin = (6kg roasted selling total - 6kg green coffee cost) / 6kg roasted selling total. Assumes fixed £4/kg uplift and no roast weight-loss adjustment.
Falcon Micro,"Tegu Factory AB, Karatina Town, Kenya",Kenya,Washed,Tegu Factory,1000 g pack,FSC-8711,1.00,21.20,21.20,5,20.14,120.84,,,Falcon 6 kg total calculated using the 5 kg quantity-break tier: base price x 95% x 6.,https://www.falcon-micro.com/products/tegu-factory-ab-karatina-town-kenya-washed-fsc-8711,https://cdn.shopify.com/s/files/1/0826/3978/2207/files/tegu_micro-1copy2.jpg?v=1774871127,4.00,24.14,144.84,24.00,16.57,Gross margin = (6kg roasted selling total - 6kg green coffee cost) / 6kg roasted selling total. Assumes fixed £4/kg uplift and no roast weight-loss adjustment.
Falcon Micro,"Taferi Kela - Lot 6 , Bette Buna, Ethiopia",Ethiopia,Anaerobic Washed,Taferi Kela - Lot 6,1000 g pack,FSC-7614,1.00,24.00,24.00,5,22.80,136.80,,,Falcon 6 kg total calculated using the 5 kg quantity-break tier: base price x 95% x 6.,https://www.falcon-micro.com/products/taferi-kela-lot-6-bette-buna-ethiopia-anaerobic-washed-muk-7614,https://cdn.shopify.com/s/files/1/0826/3978/2207/files/taferi_kela_6_micro-1copy2.png?v=1756209247,4.00,26.80,160.80,24.00,14.93,Gross margin = (6kg roasted selling total - 6kg green coffee cost) / 6kg roasted selling total. Assumes fixed £4/kg uplift and no roast weight-loss adjustment.
Falcon Micro,"Yacuri, Juan Peña, Ecuador",Ecuador,Washed,Juan Peña,1000 g pack,FSC-8523,1.00,28.20,28.20,5,26.79,160.74,,,Falcon 6 kg total calculated using the 5 kg quantity-break tier: base price x 95% x 6.,https://www.falcon-micro.com/products/yacuri-juan-pena-ecuador-washed-fsc-8523,https://cdn.shopify.com/s/files/1/0826/3978/2207/files/yacuri-28.jpg?v=1770725181,4.00,30.79,184.74,24.00,12.99,Gross margin = (6kg roasted selling total - 6kg green coffee cost) / 6kg roasted selling total. Assumes fixed £4/kg uplift and no roast weight-loss adjustment.
Falcon Micro,"El Diviso, Nestor Lasso, Colombia",Colombia,Natural,Nestor Lasso,1000 g pack,FSC-8036,1.00,44.40,44.40,5,42.18,253.08,,,Falcon 6 kg total calculated using the 5 kg quantity-break tier: base price x 95% x 6.,https://www.falcon-micro.com/products/el-diviso-nestor-lasso-colombia-natural-fsc-8036,https://cdn.shopify.com/s/files/1/0826/3978/2207/files/el_diviso_micro-1_copy_2.jpg?v=1772618494,4.00,46.18,277.08,24.00,8.66,Gross margin = (6kg roasted selling total - 6kg green coffee cost) / 6kg roasted selling total. Assumes fixed £4/kg uplift and no roast weight-loss adjustment.
Falcon Micro,"Chito Community, Juan Peña, Ecuador",Ecuador,Washed,Juan Peña,1000 g pack,FSC-8526,1.00,19.00,19.00,5,18.05,108.30,,,Falcon 6 kg total calculated using the 5 kg quantity-break tier: base price x 95% x 6.,https://www.falcon-micro.com/products/chito-community-juan-pena-ecuador-washed-fsc-8526,https://cdn.shopify.com/s/files/1/0826/3978/2207/files/ChitoCommunity-28.jpg?v=1771599729,4.00,22.05,132.30,24.00,18.14,Gross margin = (6kg roasted selling total - 6kg green coffee cost) / 6kg roasted selling total. Assumes fixed £4/kg uplift and no roast weight-loss adjustment.
Falcon Micro,"Coproca Lot 1214, Nyamasheke District, Rwanda",Rwanda,Natural,Coproca 1214,1000 g pack,FSC-8444,1.00,17.40,17.40,5,16.53,99.18,,,Falcon 6 kg total calculated using the 5 kg quantity-break tier: base price x 95% x 6.,https://www.falcon-micro.com/products/coproca-lot1214-nyamasheke-district-rwanda-natural-fsc-8444,https://cdn.shopify.com/s/files/1/0826/3978/2207/files/coproca-28.jpg?v=1776267768,4.00,20.53,123.18,24.00,19.48,Gross margin = (6kg roasted selling total - 6kg green coffee cost) / 6kg roasted selling total. Assumes fixed £4/kg uplift and no roast weight-loss adjustment.
Falcon Micro,"Butawa, The Coffee Gardens, Uganda",Uganda,Washed,TCG - Butawa,1000 g pack,FSC-8685,1.00,19.00,19.00,5,18.05,108.30,,,Falcon 6 kg total calculated using the 5 kg quantity-break tier: base price x 95% x 6.,https://www.falcon-micro.com/products/butawa-the-coffee-gardens-uganda-washed-fsc-8685,https://cdn.shopify.com/s/files/1/0826/3978/2207/files/butawa-28.jpg?v=1776267822,4.00,22.05,132.30,24.00,18.14,Gross margin = (6kg roasted selling total - 6kg green coffee cost) / 6kg roasted selling total. Assumes fixed £4/kg uplift and no roast weight-loss adjustment.
Falcon Micro,"Malidadi, The Coffee Yard, Uganda",Uganda,Washed,TCY - Malidadi,1000 g pack,FSC-8618,1.00,17.00,17.00,5,16.15,96.90,,,Falcon 6 kg total calculated using the 5 kg quantity-break tier: base price x 95% x 6.,https://www.falcon-micro.com/products/malidadi-the-coffee-yard-uganda-washed-fsc-8618,https://cdn.shopify.com/s/files/1/0826/3978/2207/files/malidadi-28.jpg?v=1776267361,4.00,20.15,120.90,24.00,19.85,Gross margin = (6kg roasted selling total - 6kg green coffee cost) / 6kg roasted selling total. Assumes fixed £4/kg uplift and no roast weight-loss adjustment.
Falcon Micro,"Hacienda La Papaya, Juan Peña, Ecuador",Ecuador,Fully Washed,Juan Peña,1000 g pack,FSC-8509,1.00,34.20,34.20,5,32.49,194.94,,,Falcon 6 kg total calculated using the 5 kg quantity-break tier: base price x 95% x 6.,https://www.falcon-micro.com/products/hacienda-la-papaya-juan-pena-ecuador-fully-washed-fsc-8509,https://cdn.shopify.com/s/files/1/0826/3978/2207/files/HaciendaLaPapaya_micro-1copy2.jpg?v=1771599779,4.00,36.49,218.94,24.00,10.96,Gross margin = (6kg roasted selling total - 6kg green coffee cost) / 6kg roasted selling total. Assumes fixed £4/kg uplift and no roast weight-loss adjustment.
Falcon Micro,"Attia - Chapata, Cooperativa de Caficultores de Anserma, Colombia",Colombia,Natural,Cooperativa de Caficultores de Anserma,1000 g pack,FSC-8575,1.00,28.00,28.00,5,26.60,159.60,,,Falcon 6 kg total calculated using the 5 kg quantity-break tier: base price x 95% x 6.,https://www.falcon-micro.com/products/attia-chapata-cooperativa-de-caficultores-de-anserma-colombia-natural-fsc-8575,https://cdn.shopify.com/s/files/1/0826/3978/2207/files/attia_-28.jpg?v=1773159421,4.00,30.60,183.60,24.00,13.07,Gross margin = (6kg roasted selling total - 6kg green coffee cost) / 6kg roasted selling total. Assumes fixed £4/kg uplift and no roast weight-loss adjustment.
Falcon Micro,"Ijen Highlands, Botolinggo Village, Indonesia",Colombia,Natural,Kevenka Coffee,1000 g pack,FSC-8457,1.00,27.00,27.00,5,25.65,153.90,,,Falcon 6 kg total calculated using the 5 kg quantity-break tier: base price x 95% x 6.,https://www.falcon-micro.com/products/ijen-highlands-botolinggo-village-indonesia-natural-fsc-8458,https://cdn.shopify.com/s/files/1/0826/3978/2207/files/ijen_high-28.jpg?v=1776092025,4.00,29.65,177.90,24.00,13.49,Gross margin = (6kg roasted selling total - 6kg green coffee cost) / 6kg roasted selling total. Assumes fixed £4/kg uplift and no roast weight-loss adjustment.
Falcon Micro,"Diego Samuel Bermudez, El Paraíso P02, Colombia",Colombia,Double Fermentation,Diego Samuel Bermudez,1000 g pack,FSC-8230,1.00,34.60,34.60,5,32.87,197.22,,,Falcon 6 kg total calculated using the 5 kg quantity-break tier: base price x 95% x 6.,https://www.falcon-micro.com/products/diego-samuel-bermudez-el-paraiso-p02-colombia-double-fermentation-fsc-8230,https://cdn.shopify.com/s/files/1/0826/3978/2207/files/double_ferment.jpg?v=1765878885,4.00,36.87,221.22,24.00,10.85,Gross margin = (6kg roasted selling total - 6kg green coffee cost) / 6kg roasted selling total. Assumes fixed £4/kg uplift and no roast weight-loss adjustment.
Falcon Micro,"El Borbollon, Santa Ana, El Salvador",El Salvador,Natural,El Borbollon Mill,1000 g pack,FSC-8057,1.00,15.50,15.50,5,14.73,88.35,,,Falcon 6 kg total calculated using the 5 kg quantity-break tier: base price x 95% x 6.,https://www.falcon-micro.com/products/el-borbollon-santa-ana-el-salvador-natural-fsc-8057,https://cdn.shopify.com/s/files/1/0826/3978/2207/files/el_borbollon_micro-1copy3.jpg?v=1764675111,4.00,18.73,112.38,24.03,21.38,Gross margin = (6kg roasted selling total - 6kg green coffee cost) / 6kg roasted selling total. Assumes fixed £4/kg uplift and no roast weight-loss adjustment.
Falcon Micro,"Atunkaa Caficauca, Sugar Cane Decaf, Colombia",Colombia,Sugar Cane Decaf,Cooperativa de Caficultores del Cauca,1000 g pack,FSC-8238,1.00,18.00,18.00,5,17.10,102.60,,,Falcon 6 kg total calculated using the 5 kg quantity-break tier: base price x 95% x 6.,https://www.falcon-micro.com/products/atunkaa-caficauca-sugar-cane-decaf-colombia-sugar-cane-decaf-muk-8239,https://cdn.shopify.com/s/files/1/0826/3978/2207/files/atunkaa_c-29.jpg?v=1762871101,4.00,21.10,126.60,24.00,18.96,Gross margin = (6kg roasted selling total - 6kg green coffee cost) / 6kg roasted selling total. Assumes fixed £4/kg uplift and no roast weight-loss adjustment.
Falcon Micro,"Finca Etiopia, Los Naranjos Cafe, El Salvador",Ethiopia,Honey,Los Naranjos Cafe,1000 g pack,FSC-7963,1.00,56.00,56.00,5,53.20,319.20,,,Falcon 6 kg total calculated using the 5 kg quantity-break tier: base price x 95% x 6.,https://www.falcon-micro.com/products/finca-etiopia-los-naranjos-cafe-el-salvador-honey-muk-7963,https://cdn.shopify.com/s/files/1/0826/3978/2207/files/los_naranjos_micro-1copy2.jpg?v=1762272185,4.00,57.20,343.20,24.00,6.99,Gross margin = (6kg roasted selling total - 6kg green coffee cost) / 6kg roasted selling total. Assumes fixed £4/kg uplift and no roast weight-loss adjustment.
Falcon Micro,"Hamacas, Vides Family, Guatemala",Guatemala,Washed,Vides Family,1000 g pack,FSC-8068,1.00,17.00,17.00,5,16.15,96.90,,,Falcon 6 kg total calculated using the 5 kg quantity-break tier: base price x 95% x 6.,https://www.falcon-micro.com/products/hamacas-vides-family-guatemala-washed-muk-8068,https://cdn.shopify.com/s/files/1/0826/3978/2207/files/hamacas-28_9668088f-58a9-401a-b2ba-2a59d6f139fb.jpg?v=1759412286,4.00,20.15,120.90,24.00,19.85,Gross margin = (6kg roasted selling total - 6kg green coffee cost) / 6kg roasted selling total. Assumes fixed £4/kg uplift and no roast weight-loss adjustment.
Falcon Micro,"Las Lajas , Chacon Family, Costa Rica",Costa Rica,Anaerobic Honey,Chacon Family,1000 g pack,FSC-7924,1.00,25.00,25.00,5,23.75,142.50,,,Falcon 6 kg total calculated using the 5 kg quantity-break tier: base price x 95% x 6.,https://www.falcon-micro.com/products/las-lajas-copy-chacon-family-costa-rica-anaerobic-honey-muk-7924,https://cdn.shopify.com/s/files/1/0826/3978/2207/files/las_lajas.jpg?v=1759418068,4.00,27.75,166.50,24.00,14.41,Gross margin = (6kg roasted selling total - 6kg green coffee cost) / 6kg roasted selling total. Assumes fixed £4/kg uplift and no roast weight-loss adjustment.
Falcon Micro,"Noruega, Ahuachapon, El Salvador",El Salvador,Natural,Sigfredo Corado,1000 g pack,FSC-7958,1.00,19.00,19.00,5,18.05,108.30,,,Falcon 6 kg total calculated using the 5 kg quantity-break tier: base price x 95% x 6.,https://www.falcon-micro.com/products/noruega-ahuachapon-el-salvador-natural-muk-7958,https://cdn.shopify.com/s/files/1/0826/3978/2207/files/noruega_micro-1copy2.jpg?v=1759411862,4.00,22.05,132.30,24.00,18.14,Gross margin = (6kg roasted selling total - 6kg green coffee cost) / 6kg roasted selling total. Assumes fixed £4/kg uplift and no roast weight-loss adjustment.
Falcon Micro,"The Coffee Gardens, Yeast Fermentation, Uganda",Uganda,Fruit Fermentation,The Coffee Gardens,1000 g pack,FSC-7755,1.00,21.20,21.20,5,20.14,120.84,,,Falcon 6 kg total calculated using the 5 kg quantity-break tier: base price x 95% x 6.,https://www.falcon-micro.com/products/the-coffee-gardens-yeast-ferment-uganda-yeast-ferment-muk-7755,https://cdn.shopify.com/s/files/1/0826/3978/2207/files/garden_yeast-20.jpg?v=1751984739,4.00,24.14,144.84,24.00,16.57,Gross margin = (6kg roasted selling total - 6kg green coffee cost) / 6kg roasted selling total. Assumes fixed £4/kg uplift and no roast weight-loss adjustment.
Falcon Micro,"Castanhas Do Brazil, Cocatrel Cooperative, Brazil",Brazil,Natural,Cocatrel Cooperative,1000 g pack,FSC-8266,1.00,14.00,14.00,5,13.30,79.80,,,Falcon 6 kg total calculated using the 5 kg quantity-break tier: base price x 95% x 6.,https://www.falcon-micro.com/products/castanhas-do-brazil-cocatrel-cooperative-brazil-natural-fsc-8266,https://cdn.shopify.com/s/files/1/0826/3978/2207/files/castanhas_micro-1_copy_3.jpg?v=1776867662,4.00,17.30,103.80,24.00,23.12,Gross margin = (6kg roasted selling total - 6kg green coffee cost) / 6kg roasted selling total. Assumes fixed £4/kg uplift and no roast weight-loss adjustment.
Falcon Micro,"Atunkaa Caficauca, Sugar Cane Decaf, Colombia",Colombia,Decaf,Siruma,1000 g pack,FSC-8764,1.00,19.50,19.50,5,18.53,111.15,,,Falcon 6 kg total calculated using the 5 kg quantity-break tier: base price x 95% x 6.,https://www.falcon-micro.com/products/atunkaa-caficauca-sugar-cane-decaf-colombia-decaf-fsc-8764,https://cdn.shopify.com/s/files/1/0826/3978/2207/files/atinkaa_26-29.jpg?v=1777389727,4.00,22.53,135.18,24.03,17.78,Gross margin = (6kg roasted selling total - 6kg green coffee cost) / 6kg roasted selling total. Assumes fixed £4/kg uplift and no roast weight-loss adjustment.
Falcon Micro,"Lala Salama , Sparkling Water Decaf, Ethiopia",Ethiopia,Decaf,Dimtu Coffee Industry PLC,1000 g pack,FSC-8739,1.00,19.00,19.00,5,18.05,108.30,,,Falcon 6 kg total calculated using the 5 kg quantity-break tier: base price x 95% x 6.,https://www.falcon-micro.com/products/lala-salama-decaf-sparkling-water-decaf-ethiopia-decaf-fsc-8739,https://cdn.shopify.com/s/files/1/0826/3978/2207/files/lala_salama_26-29.jpg?v=1777391016,4.00,22.05,132.30,24.00,18.14,Gross margin = (6kg roasted selling total - 6kg green coffee cost) / 6kg roasted selling total. Assumes fixed £4/kg uplift and no roast weight-loss adjustment.
Falcon Micro,"Gatomboya Washing Station, Nyeri AB, Kenya",Kenya,Washed,Gatomboya Washing Station,1000 g pack,FSC-8712,1.00,19.00,19.00,5,18.05,108.30,,,Falcon 6 kg total calculated using the 5 kg quantity-break tier: base price x 95% x 6.,https://www.falcon-micro.com/products/gatomboya-washing-station-nyeri-ab-kenya-washed-fsc-8712,https://cdn.shopify.com/s/files/1/0826/3978/2207/files/gatomboya-28.jpg?v=1777391107,4.00,22.05,132.30,24.00,18.14,Gross margin = (6kg roasted selling total - 6kg green coffee cost) / 6kg roasted selling total. Assumes fixed £4/kg uplift and no roast weight-loss adjustment.
Falcon Micro,"Tegu Factory AB, Karatina Town, Kenya",Kenya,Washed,Tegu Factory,1000 g pack,FSC-8705,1.00,19.50,19.50,5,18.53,111.15,,,Falcon 6 kg total calculated using the 5 kg quantity-break tier: base price x 95% x 6.,https://www.falcon-micro.com/products/tegu-factory-ab-karatina-town-kenya-washed-fsc-8705,https://cdn.shopify.com/s/files/1/0826/3978/2207/files/tegu_factory-28.jpg?v=1777390789,4.00,22.53,135.18,24.03,17.78,Gross margin = (6kg roasted selling total - 6kg green coffee cost) / 6kg roasted selling total. Assumes fixed £4/kg uplift and no roast weight-loss adjustment.
Falcon Micro,"El Refugio, Agudelo Uribe family, Colombia",Colombia,Washed,Agudelo Uribe family,1000 g pack,FSC-8769,1.00,34.50,34.50,5,32.78,196.65,,,Falcon 6 kg total calculated using the 5 kg quantity-break tier: base price x 95% x 6.,https://www.falcon-micro.com/products/el-refugio-agudelo-uribe-family-colombia-washed-fsc-8769,https://cdn.shopify.com/s/files/1/0826/3978/2207/files/el_refugio_micro-1copy2.jpg?v=1777390663,4.00,36.78,220.68,24.03,10.89,Gross margin = (6kg roasted selling total - 6kg green coffee cost) / 6kg roasted selling total. Assumes fixed £4/kg uplift and no roast weight-loss adjustment.
Falcon Micro,"Castanhas do Brazil, Cocatrel Cooperative, Brazil",Brazil,Natural,Cocatrel Cooperative,1000 g pack,FSC-8261,1.00,14.00,14.00,5,13.30,79.80,,,Falcon 6 kg total calculated using the 5 kg quantity-break tier: base price x 95% x 6.,https://www.falcon-micro.com/products/castanhas-do-brazil-cocatrel-cooperative-brazil-natural-fsc-8261,https://cdn.shopify.com/s/files/1/0826/3978/2207/files/casthanas_2_micro-1copy3.jpg?v=1777390139,4.00,17.30,103.80,24.00,23.12,Gross margin = (6kg roasted selling total - 6kg green coffee cost) / 6kg roasted selling total. Assumes fixed £4/kg uplift and no roast weight-loss adjustment.
Falcon Micro,"El Borbollon, Santa Ana, El Salvador",El Salvador,Washed,Alvarez family,1000 g pack,FSC-8620,1.00,15.50,15.50,5,14.73,88.35,,,Falcon 6 kg total calculated using the 5 kg quantity-break tier: base price x 95% x 6.,https://www.falcon-micro.com/products/el-borbollon-santa-ana-el-salvador-washed-fsc-8620,https://cdn.shopify.com/s/files/1/0826/3978/2207/files/el_borbollon_micro-1copy3_2edb0d94-a133-446a-8bda-20668837f2f4.jpg?v=1778585818,4.00,18.73,112.38,24.03,21.38,Gross margin = (6kg roasted selling total - 6kg green coffee cost) / 6kg roasted selling total. Assumes fixed £4/kg uplift and no roast weight-loss adjustment.
Small Batch Roasting,Brazil – NY 2/3 Scr 17/18 SS GC,Brazil,Honey,,Green Beans,,1.00,13.94,13.94,0,13.94,83.64,19,yes,Small Batch 6 kg total calculated from the Green Beans variation: catalogue unit price per kg x 6. Static crawl had no extra cart/kg discount.,https://www.smallbatchroasting.co.uk/origin/brazil/brazil-ny-2-3-scr-17-18-ss-gc/,https://www.smallbatchroasting.co.uk/wp-content/uploads/2024/11/campo_184-scaled.jpg,4.00,17.94,107.64,24.00,22.30,Gross margin = (6kg roasted selling total - 6kg green coffee cost) / 6kg roasted selling total. Assumes fixed £4/kg uplift and no roast weight-loss adjustment.
Small Batch Roasting,Brazil Eagle Monte Carmelo (Cafe Delas),Brazil,,,Green Beans,EL002,1.00,16.80,16.80,0,16.80,100.80,74,yes,Small Batch 6 kg total calculated from the Green Beans variation: catalogue unit price per kg x 6. Static crawl had no extra cart/kg discount.,https://www.smallbatchroasting.co.uk/all-products/brazil-eagle-monte-carmelo-cafe-delas/,https://i0.wp.com/www.smallbatchroasting.co.uk/wp-content/uploads/2026/01/Brazil-Eagle-2.png?fit=511%2C491&ssl=1,4.00,20.80,124.80,24.00,19.23,Gross margin = (6kg roasted selling total - 6kg green coffee cost) / 6kg roasted selling total. Assumes fixed £4/kg uplift and no roast weight-loss adjustment.
Small Batch Roasting,Brazil Ipanema – Fazenda Conquista,Brazil,,,Green Beans,,1.00,13.88,13.88,0,13.88,83.28,8,yes,Small Batch 6 kg total calculated from the Green Beans variation: catalogue unit price per kg x 6. Static crawl had no extra cart/kg discount.,https://www.smallbatchroasting.co.uk/all-products/brazil-ipanema-fazenda-conquista/,https://i0.wp.com/www.smallbatchroasting.co.uk/wp-content/uploads/2026/03/conquista-2.jpg?fit=669%2C446&ssl=1,4.00,17.88,107.28,24.00,22.37,Gross margin = (6kg roasted selling total - 6kg green coffee cost) / 6kg roasted selling total. Assumes fixed £4/kg uplift and no roast weight-loss adjustment.
Small Batch Roasting,Brazil Sitio Boa Esperanca – Mundo Novo Natural,Brazil,Natural,,Green Beans,,1.00,18.60,18.60,0,18.60,111.60,94,yes,Small Batch 6 kg total calculated from the Green Beans variation: catalogue unit price per kg x 6. Static crawl had no extra cart/kg discount.,https://www.smallbatchroasting.co.uk/all-products/brazil-sitio-boa-esperanca-mundo-novo-natural/,https://i0.wp.com/www.smallbatchroasting.co.uk/wp-content/uploads/2024/08/f46ad1_af5c9f62c96c4c32bac4846f0af1a21cmv2.webp?fit=500%2C667&ssl=1,4.00,22.60,135.60,24.00,17.70,Gross margin = (6kg roasted selling total - 6kg green coffee cost) / 6kg roasted selling total. Assumes fixed £4/kg uplift and no roast weight-loss adjustment.
Small Batch Roasting,Central American Decaf Blend,Central America blend,Decaf,,Green Beans,,1.00,17.60,17.60,0,17.60,105.60,28,yes,Small Batch 6 kg total calculated from the Green Beans variation: catalogue unit price per kg x 6. Static crawl had no extra cart/kg discount.,https://www.smallbatchroasting.co.uk/green/decaf/central-american-decaf-blend/,https://i0.wp.com/www.smallbatchroasting.co.uk/wp-content/uploads/2025/09/decaf.jpg?fit=797%2C800&ssl=1,4.00,21.60,129.60,24.00,18.52,Gross margin = (6kg roasted selling total - 6kg green coffee cost) / 6kg roasted selling total. Assumes fixed £4/kg uplift and no roast weight-loss adjustment.
Small Batch Roasting,Colombia Excelso EP Huila,Colombia,Fully Washed,,Green Beans,,1.00,14.78,14.78,0,14.78,88.68,41,yes,Small Batch 6 kg total calculated from the Green Beans variation: catalogue unit price per kg x 6. Static crawl had no extra cart/kg discount.,https://www.smallbatchroasting.co.uk/origin/colombia/colombia-excelso-ep-huila/,https://i0.wp.com/www.smallbatchroasting.co.uk/wp-content/uploads/2024/08/f46ad1_50d8466bb4eb4886a48355deb682c55cmv2-1.webp?fit=500%2C333&ssl=1,4.00,18.78,112.68,24.00,21.30,Gross margin = (6kg roasted selling total - 6kg green coffee cost) / 6kg roasted selling total. Assumes fixed £4/kg uplift and no roast weight-loss adjustment.
Small Batch Roasting,Colombia Huila Womens Project,Colombia,,,Green Beans,,1.00,13.90,13.90,0,13.90,83.40,112,yes,Small Batch 6 kg total calculated from the Green Beans variation: catalogue unit price per kg x 6. Static crawl had no extra cart/kg discount.,https://www.smallbatchroasting.co.uk/all-products/colombia-huila-womens/,https://www.smallbatchroasting.co.uk/wp-content/uploads/2026/04/Colombia_MG_2205-16-600x902-1.jpg,4.00,17.90,107.40,24.00,22.35,Gross margin = (6kg roasted selling total - 6kg green coffee cost) / 6kg roasted selling total. Assumes fixed £4/kg uplift and no roast weight-loss adjustment.
Small Batch Roasting,Colombia Seleccion Planadas Organic,Colombia,Washed,,Green Beans,LR001,1.00,19.10,19.10,0,19.10,114.60,98,yes,Small Batch 6 kg total calculated from the Green Beans variation: catalogue unit price per kg x 6. Static crawl had no extra cart/kg discount.,https://www.smallbatchroasting.co.uk/all-products/latest-arrivals/colombia-seleccion-planadas-organic/,https://i0.wp.com/www.smallbatchroasting.co.uk/wp-content/uploads/2026/01/Colombia-Seleccion-1.png?fit=510%2C490&ssl=1,4.00,23.10,138.60,24.00,17.32,Gross margin = (6kg roasted selling total - 6kg green coffee cost) / 6kg roasted selling total. Assumes fixed £4/kg uplift and no roast weight-loss adjustment.
Small Batch Roasting,Costa Rica SHB – San Rafael – Tarrazu,Costa Rica,Washed,,attribute_format: Green Beans,,1.00,16.00,16.00,0,16.00,96.00,269,yes,Small Batch 6 kg total calculated from the Green Beans variation: catalogue unit price per kg x 6. Static crawl had no extra cart/kg discount.,https://www.smallbatchroasting.co.uk/origin/costa-rica/costa-rica-tarrazu/,https://www.smallbatchroasting.co.uk/wp-content/uploads/2024/08/f46ad1_4c79a3694b4c4948b0cbd83f0fde257cmv2.webp,4.00,20.00,120.00,24.00,20.00,Gross margin = (6kg roasted selling total - 6kg green coffee cost) / 6kg roasted selling total. Assumes fixed £4/kg uplift and no roast weight-loss adjustment.
Small Batch Roasting,Ethiopia Limu Fully Washed G2,Ethiopia,Fully Washed,,Green Beans,,1.00,17.98,17.98,0,17.98,107.88,29,yes,Small Batch 6 kg total calculated from the Green Beans variation: catalogue unit price per kg x 6. Static crawl had no extra cart/kg discount.,https://www.smallbatchroasting.co.uk/origin/ethiopia/ethiopia-limu-fully-washed-g2/,https://i0.wp.com/www.smallbatchroasting.co.uk/wp-content/uploads/2024/09/Ethiopia-Limu-G2-A-scaled.jpg?fit=1200%2C800&ssl=1,4.00,21.98,131.88,24.00,18.20,Gross margin = (6kg roasted selling total - 6kg green coffee cost) / 6kg roasted selling total. Assumes fixed £4/kg uplift and no roast weight-loss adjustment.
Small Batch Roasting,Ethiopia Sidamo Natural G4,Ethiopia,Natural,,Green Beans,,1.00,11.40,11.40,0,11.40,68.40,73,yes,Small Batch 6 kg total calculated from the Green Beans variation: catalogue unit price per kg x 6. Static crawl had no extra cart/kg discount.,https://www.smallbatchroasting.co.uk/all-products/ethiopia-sidamo-natural-g4/,https://www.smallbatchroasting.co.uk/wp-content/uploads/2024/09/f46ad1_9a655c6d8ed44af29b7f4f7727332c0bmv2.jpg,4.00,15.40,92.40,24.00,25.97,Gross margin = (6kg roasted selling total - 6kg green coffee cost) / 6kg roasted selling total. Assumes fixed £4/kg uplift and no roast weight-loss adjustment.
Small Batch Roasting,Ethiopia Sidamo Shantawene Washed G1,Ethiopia,Fully Washed,,Green Beans,,1.00,15.45,15.45,0,15.45,92.70,120,yes,Small Batch 6 kg total calculated from the Green Beans variation: catalogue unit price per kg x 6. Static crawl had no extra cart/kg discount.,https://www.smallbatchroasting.co.uk/all-products/ethiopia-sidamo-g1-shantawene/,https://www.smallbatchroasting.co.uk/wp-content/uploads/2024/09/Ethiopia-Sidamo-Shantawene-G2-A-scaled.jpg,4.00,19.45,116.70,24.00,20.57,Gross margin = (6kg roasted selling total - 6kg green coffee cost) / 6kg roasted selling total. Assumes fixed £4/kg uplift and no roast weight-loss adjustment.
Small Batch Roasting,Ethiopia Yirgacheffe Banko Gotiti G1 Fully Washed,Ethiopia,Fully Washed,,Green Beans,LR002,1.00,21.02,21.02,0,21.02,126.12,17,yes,Small Batch 6 kg total calculated from the Green Beans variation: catalogue unit price per kg x 6. Static crawl had no extra cart/kg discount.,https://www.smallbatchroasting.co.uk/all-products/latest-arrivals/ethiopia-yirgacheffe-banko-gotiti-g1-fully-washed/,https://i0.wp.com/www.smallbatchroasting.co.uk/wp-content/uploads/2026/01/Ethiopia-Yirg-3.png?fit=508%2C488&ssl=1,4.00,25.02,150.12,24.00,15.99,Gross margin = (6kg roasted selling total - 6kg green coffee cost) / 6kg roasted selling total. Assumes fixed £4/kg uplift and no roast weight-loss adjustment.
Small Batch Roasting,Ethiopia Yirgacheffe G2 – Fully Washed,Ethiopia,Fully Washed,,Green Beans,,1.00,18.14,18.14,0,18.14,108.84,49,yes,Small Batch 6 kg total calculated from the Green Beans variation: catalogue unit price per kg x 6. Static crawl had no extra cart/kg discount.,https://www.smallbatchroasting.co.uk/all-products/ethiopia-yirgacheffe-g2-fully-washed-arriving-w-c-29-09-25/,https://www.smallbatchroasting.co.uk/wp-content/uploads/2024/09/f46ad1_3aa77c7076f745eb8f3db9452ef2cacbmv2-scaled.jpg,4.00,22.14,132.84,24.00,18.07,Gross margin = (6kg roasted selling total - 6kg green coffee cost) / 6kg roasted selling total. Assumes fixed £4/kg uplift and no roast weight-loss adjustment.
Small Batch Roasting,Green Single Origin Subscription,Mixed / subscription,,,number-of-origins: 6,,6.00,90.00,15.00,0,15.00,90.00,,,Small Batch 6 kg total uses the exact 6 kg variation from the catalogue. Static crawl had no extra cart/kg discount.,https://www.smallbatchroasting.co.uk/all-products/green-single-origin-subscription/,https://i0.wp.com/www.smallbatchroasting.co.uk/wp-content/uploads/2024/08/f46ad1_39f6cad436514ce2bd2584bcb6d847a4mv2.webp?fit=500%2C333&ssl=1,4.00,19.00,114.00,24.00,21.05,Gross margin = (6kg roasted selling total - 6kg green coffee cost) / 6kg roasted selling total. Assumes fixed £4/kg uplift and no roast weight-loss adjustment.
Small Batch Roasting,Guatemala Huehuetenango SHB EP RFA,Guatemala,Fully Washed,,Green Beans,,1.00,15.30,15.30,0,15.30,91.80,147,yes,Small Batch 6 kg total calculated from the Green Beans variation: catalogue unit price per kg x 6. Static crawl had no extra cart/kg discount.,https://www.smallbatchroasting.co.uk/origin/guatemala/guatemala-huehuetenango-shb-ep/,https://www.smallbatchroasting.co.uk/wp-content/uploads/2024/09/f46ad1_2164e169c7f1496f890f7aef5b8e8a9cmv2.jpg,4.00,19.30,115.80,24.00,20.73,Gross margin = (6kg roasted selling total - 6kg green coffee cost) / 6kg roasted selling total. Assumes fixed £4/kg uplift and no roast weight-loss adjustment.
Small Batch Roasting,Guatemala Jabiru Union Cantinil,Guatemala,Washed,,Green Beans,EL001,1.00,17.18,17.18,0,17.18,103.08,103,yes,Small Batch 6 kg total calculated from the Green Beans variation: catalogue unit price per kg x 6. Static crawl had no extra cart/kg discount.,https://www.smallbatchroasting.co.uk/all-products/latest-arrivals/guatemala-jabiru-union-cantinil/,https://i0.wp.com/www.smallbatchroasting.co.uk/wp-content/uploads/2026/01/Guatemala-Jabiru-2.png?fit=513%2C485&ssl=1,4.00,21.18,127.08,24.00,18.89,Gross margin = (6kg roasted selling total - 6kg green coffee cost) / 6kg roasted selling total. Assumes fixed £4/kg uplift and no roast weight-loss adjustment.
Small Batch Roasting,Honduras Finca El Matazano Elvin Castillo Honey,Honduras,Honey,,Green Beans,,1.00,19.90,19.90,0,19.90,119.40,15,yes,Small Batch 6 kg total calculated from the Green Beans variation: catalogue unit price per kg x 6. Static crawl had no extra cart/kg discount.,https://www.smallbatchroasting.co.uk/origin/honduras/honduras-finca-el-matazano-elvin-castillo-honey/,https://www.smallbatchroasting.co.uk/wp-content/uploads/2025/04/Elvin-Castillo-Honduras-Finca-El-Matazano-1.webp,4.00,23.90,143.40,24.00,16.74,Gross margin = (6kg roasted selling total - 6kg green coffee cost) / 6kg roasted selling total. Assumes fixed £4/kg uplift and no roast weight-loss adjustment.
Small Batch Roasting,Honduras NKG BLOOM GEA SHG EP Organic,Honduras,Fully Washed,,attribute_format: Green Beans,,1.00,16.85,16.85,0,16.85,101.10,68,yes,Small Batch 6 kg total calculated from the Green Beans variation: catalogue unit price per kg x 6. Static crawl had no extra cart/kg discount.,https://www.smallbatchroasting.co.uk/all-products/honduras-nkg-bloom-gea-shg-ep-organic/,https://www.smallbatchroasting.co.uk/wp-content/uploads/2024/08/f46ad1_bca7f6a831c64d47acbf2949fa4c67a5mv2.webp,4.00,20.85,125.10,24.00,19.18,Gross margin = (6kg roasted selling total - 6kg green coffee cost) / 6kg roasted selling total. Assumes fixed £4/kg uplift and no roast weight-loss adjustment.
Small Batch Roasting,Honduras Oropendolas Washed,Honduras,Washed,,Green Beans,EL003,1.00,19.10,19.10,0,19.10,114.60,61,yes,Small Batch 6 kg total calculated from the Green Beans variation: catalogue unit price per kg x 6. Static crawl had no extra cart/kg discount.,https://www.smallbatchroasting.co.uk/all-products/latest-arrivals/honduras-oropendolas-washed-arriving-21-01-26/,https://i0.wp.com/www.smallbatchroasting.co.uk/wp-content/uploads/2026/01/Honduras-Oropen-2.png?fit=402%2C406&ssl=1,4.00,23.10,138.60,24.00,17.32,Gross margin = (6kg roasted selling total - 6kg green coffee cost) / 6kg roasted selling total. Assumes fixed £4/kg uplift and no roast weight-loss adjustment.
Small Batch Roasting,Honduras San Andres SHG,Honduras,Fully Washed,,attribute_format: Green Beans,,1.00,15.10,15.10,0,15.10,90.60,136,yes,Small Batch 6 kg total calculated from the Green Beans variation: catalogue unit price per kg x 6. Static crawl had no extra cart/kg discount.,https://www.smallbatchroasting.co.uk/all-products/honduras-san-andres-shg/,https://www.smallbatchroasting.co.uk/wp-content/uploads/2024/08/f46ad1_828a0fdcedb44ef6841c54265dbe09c7mv2.webp,4.00,19.10,114.60,24.00,20.94,Gross margin = (6kg roasted selling total - 6kg green coffee cost) / 6kg roasted selling total. Assumes fixed £4/kg uplift and no roast weight-loss adjustment.
Small Batch Roasting,Honduras SHG Hacienda Monte Cristo,Honduras,Honey,,Green Beans,,1.00,15.56,15.56,0,15.56,93.36,147,yes,Small Batch 6 kg total calculated from the Green Beans variation: catalogue unit price per kg x 6. Static crawl had no extra cart/kg discount.,https://www.smallbatchroasting.co.uk/green/honduras-shg-hacienda-monte-cristo/,https://www.smallbatchroasting.co.uk/wp-content/uploads/2024/09/afd28f_46fd1c0283ce4a50a1cae838a46cf113mv2.jpg,4.00,19.56,117.36,24.00,20.45,Gross margin = (6kg roasted selling total - 6kg green coffee cost) / 6kg roasted selling total. Assumes fixed £4/kg uplift and no roast weight-loss adjustment.
Small Batch Roasting,India Cherry AB Robusta,India,,,Green Beans,,1.00,8.82,8.82,0,8.82,52.92,151,yes,Small Batch 6 kg total calculated from the Green Beans variation: catalogue unit price per kg x 6. Static crawl had no extra cart/kg discount.,https://www.smallbatchroasting.co.uk/green/india-cherry-ab-robusta/,https://i0.wp.com/www.smallbatchroasting.co.uk/wp-content/uploads/2026/01/India-Cherry-AB-4.jpg?fit=810%2C608&ssl=1,4.00,12.82,76.92,24.00,31.20,Gross margin = (6kg roasted selling total - 6kg green coffee cost) / 6kg roasted selling total. Assumes fixed £4/kg uplift and no roast weight-loss adjustment.
Small Batch Roasting,India Monsooned Malabar A,India,Monsooned,,Green Beans,,1.00,16.38,16.38,0,16.38,98.28,210,yes,Small Batch 6 kg total calculated from the Green Beans variation: catalogue unit price per kg x 6. Static crawl had no extra cart/kg discount.,https://www.smallbatchroasting.co.uk/origin/india/india-monsooned-malabar/,https://i0.wp.com/www.smallbatchroasting.co.uk/wp-content/uploads/2024/09/f46ad1_6e954ece4ea54dcdb4b396841144e6bdmv2.jpg?fit=893%2C600&ssl=1,4.00,20.38,122.28,24.00,19.63,Gross margin = (6kg roasted selling total - 6kg green coffee cost) / 6kg roasted selling total. Assumes fixed £4/kg uplift and no roast weight-loss adjustment.
Small Batch Roasting,India Monsooned Malabar AA Robusta,India,Monsooned,,Green Beans,,1.00,9.92,9.92,0,9.92,59.52,62,yes,Small Batch 6 kg total calculated from the Green Beans variation: catalogue unit price per kg x 6. Static crawl had no extra cart/kg discount.,https://www.smallbatchroasting.co.uk/origin/india/india-monsooned-malabar-aa-robusta-arriving-w-c-05-01-26/,https://i0.wp.com/www.smallbatchroasting.co.uk/wp-content/uploads/2024/09/f46ad1_6e954ece4ea54dcdb4b396841144e6bdmv2.jpg?fit=893%2C600&ssl=1,4.00,13.92,83.52,24.00,28.74,Gross margin = (6kg roasted selling total - 6kg green coffee cost) / 6kg roasted selling total. Assumes fixed £4/kg uplift and no roast weight-loss adjustment.
Small Batch Roasting,Indian Mysore Plantation A,India,,,Green Beans,,1.00,12.60,12.60,0,12.60,75.60,56,yes,Small Batch 6 kg total calculated from the Green Beans variation: catalogue unit price per kg x 6. Static crawl had no extra cart/kg discount.,https://www.smallbatchroasting.co.uk/origin/india/indian-mysore-plantation-a/,https://www.smallbatchroasting.co.uk/wp-content/uploads/2024/09/f46ad1_61bb5540f69643cdb9287740cf25f29amv2.jpg,4.00,16.60,99.60,24.00,24.10,Gross margin = (6kg roasted selling total - 6kg green coffee cost) / 6kg roasted selling total. Assumes fixed £4/kg uplift and no roast weight-loss adjustment.
Small Batch Roasting,Indonesia Old Brown Java (OBJ) 6 Year Aged,Indonesia,Aged,,Green Beans,,1.00,13.70,13.70,0,13.70,82.20,60,yes,Small Batch 6 kg total calculated from the Green Beans variation: catalogue unit price per kg x 6. Static crawl had no extra cart/kg discount.,https://www.smallbatchroasting.co.uk/all-products/indonesia-old-brown-java-obj-6-year-aged/,https://www.smallbatchroasting.co.uk/wp-content/uploads/2024/09/f46ad1_57721e6f17514473867de5955cee9a55mv2.jpg,4.00,17.70,106.20,24.00,22.60,Gross margin = (6kg roasted selling total - 6kg green coffee cost) / 6kg roasted selling total. Assumes fixed £4/kg uplift and no roast weight-loss adjustment.
Small Batch Roasting,Kenya AA Eaagads Estate,Kenya,Washed,,Green Beans,EL004,1.00,20.64,20.64,0,20.64,123.84,57,yes,Small Batch 6 kg total calculated from the Green Beans variation: catalogue unit price per kg x 6. Static crawl had no extra cart/kg discount.,https://www.smallbatchroasting.co.uk/green/kenya-aa-eaagads-estate-arriving-21-01-26/,https://www.smallbatchroasting.co.uk/wp-content/uploads/2026/01/Kenya-aa-4.png,4.00,24.64,147.84,24.00,16.23,Gross margin = (6kg roasted selling total - 6kg green coffee cost) / 6kg roasted selling total. Assumes fixed £4/kg uplift and no roast weight-loss adjustment.
Small Batch Roasting,Kenya Kisii Estate PB – Washed,Kenya,Fully Washed,,Green Beans,,1.00,17.70,17.70,0,17.70,106.20,8,yes,Small Batch 6 kg total calculated from the Green Beans variation: catalogue unit price per kg x 6. Static crawl had no extra cart/kg discount.,https://www.smallbatchroasting.co.uk/origin/kenya/kenya-gatina-nyeri-ab-washed-copy/,https://i0.wp.com/www.smallbatchroasting.co.uk/wp-content/uploads/2025/10/Kenya-Kisii-PB-2.jpg?fit=1280%2C776&ssl=1,4.00,21.70,130.20,24.00,18.43,Gross margin = (6kg roasted selling total - 6kg green coffee cost) / 6kg roasted selling total. Assumes fixed £4/kg uplift and no roast weight-loss adjustment.
Small Batch Roasting,Malawi Mzuzu AA,Malawi,Fully Washed,,Green Beans,,1.00,17.50,17.50,0,17.50,105.00,80,yes,Small Batch 6 kg total calculated from the Green Beans variation: catalogue unit price per kg x 6. Static crawl had no extra cart/kg discount.,https://www.smallbatchroasting.co.uk/origin/malawi/malawi-mzuzu-aa/,https://www.smallbatchroasting.co.uk/wp-content/uploads/2025/01/P1160730-scaled.jpg,4.00,21.50,129.00,24.00,18.60,Gross margin = (6kg roasted selling total - 6kg green coffee cost) / 6kg roasted selling total. Assumes fixed £4/kg uplift and no roast weight-loss adjustment.
Small Batch Roasting,Mexico Mountain Water Decaf,Mexico,Mountain Water Decaf,,Green Beans,,1.00,18.26,18.26,0,18.26,109.56,101,yes,Small Batch 6 kg total calculated from the Green Beans variation: catalogue unit price per kg x 6. Static crawl had no extra cart/kg discount.,https://www.smallbatchroasting.co.uk/origin/mexico/mexico-mountain-water-decaf/,https://i0.wp.com/www.smallbatchroasting.co.uk/wp-content/uploads/2024/09/afd28f_a0eb6e83648b493488fde9adb5d3423dmv2-scaled.jpg?fit=600%2C800&ssl=1,4.00,22.26,133.56,24.00,17.97,Gross margin = (6kg roasted selling total - 6kg green coffee cost) / 6kg roasted selling total. Assumes fixed £4/kg uplift and no roast weight-loss adjustment.
Small Batch Roasting,Nicaragua SHG EP,Nicaragua,Fully Washed,,Green Beans,,1.00,12.82,12.82,0,12.82,76.92,69,yes,Small Batch 6 kg total calculated from the Green Beans variation: catalogue unit price per kg x 6. Static crawl had no extra cart/kg discount.,https://www.smallbatchroasting.co.uk/origin/nicaragua/nicaragua-shg/,https://www.smallbatchroasting.co.uk/wp-content/uploads/2026/04/Nicaragua-washed-min-scaled-1-scaled.jpg,4.00,16.82,100.92,24.00,23.78,Gross margin = (6kg roasted selling total - 6kg green coffee cost) / 6kg roasted selling total. Assumes fixed £4/kg uplift and no roast weight-loss adjustment.
Small Batch Roasting,Peru G1 Finca Mesapata – Women Farmed Double Certified.,Peru,Honey,,Green Beans,,1.00,14.50,14.50,0,14.50,87.00,68,yes,Small Batch 6 kg total calculated from the Green Beans variation: catalogue unit price per kg x 6. Static crawl had no extra cart/kg discount.,https://www.smallbatchroasting.co.uk/origin/peru/peru-g1-finca-mesapata-women-farmed-double-certified/,https://www.smallbatchroasting.co.uk/wp-content/uploads/2024/09/f46ad1_e4867605fa1a4f0a9b587a9906b54464mv2.png,4.00,18.50,111.00,24.00,21.62,Gross margin = (6kg roasted selling total - 6kg green coffee cost) / 6kg roasted selling total. Assumes fixed £4/kg uplift and no roast weight-loss adjustment.
Small Batch Roasting,Peru G1 Gonzilla Estate G1 Organic,Peru,,,Green Beans,,1.00,14.75,14.75,0,14.75,88.50,150,yes,Small Batch 6 kg total calculated from the Green Beans variation: catalogue unit price per kg x 6. Static crawl had no extra cart/kg discount.,https://www.smallbatchroasting.co.uk/all-products/peru-g1-gonzilla-estate-g1-organic/,https://www.smallbatchroasting.co.uk/wp-content/uploads/2024/08/f46ad1_de90dfaffe054554b9bdfb53deb5f3fbmv2.webp,4.00,18.75,112.50,24.00,21.33,Gross margin = (6kg roasted selling total - 6kg green coffee cost) / 6kg roasted selling total. Assumes fixed £4/kg uplift and no roast weight-loss adjustment.
Small Batch Roasting,Sumatra Mandheling Tekengon Triple Picked,Indonesia,,,attribute_format: Green Beans,,1.00,17.70,17.70,0,17.70,106.20,16,yes,Small Batch 6 kg total calculated from the Green Beans variation: catalogue unit price per kg x 6. Static crawl had no extra cart/kg discount.,https://www.smallbatchroasting.co.uk/origin/indonesia/sumatra-mandheling-tekengon-triple-picked/,https://www.smallbatchroasting.co.uk/wp-content/uploads/2024/08/f46ad1_c9b9f84b845e4dd4aa72c1f14c8355camv2.webp,4.00,21.70,130.20,24.00,18.43,Gross margin = (6kg roasted selling total - 6kg green coffee cost) / 6kg roasted selling total. Assumes fixed £4/kg uplift and no roast weight-loss adjustment.
Small Batch Roasting,Uganda Mt Elgon Arabica AA,Uganda,Washed,,Green Beans,,1.00,14.00,14.00,0,14.00,84.00,10,yes,Small Batch 6 kg total calculated from the Green Beans variation: catalogue unit price per kg x 6. Static crawl had no extra cart/kg discount.,https://www.smallbatchroasting.co.uk/origin/uganda/uganda-mt-elgon/,https://www.smallbatchroasting.co.uk/wp-content/uploads/2024/10/Screenshot-2024-10-24-112720.png,4.00,18.00,108.00,24.00,22.22,Gross margin = (6kg roasted selling total - 6kg green coffee cost) / 6kg roasted selling total. Assumes fixed £4/kg uplift and no roast weight-loss adjustment.
Small Batch Roasting,Uganda Mubuku drugar fully washed,Uganda,Fully Washed,,Green Beans,,1.00,13.00,13.00,0,13.00,78.00,240,yes,Small Batch 6 kg total calculated from the Green Beans variation: catalogue unit price per kg x 6. Static crawl had no extra cart/kg discount.,https://www.smallbatchroasting.co.uk/origin/uganda/uganda-mubuku-drugar-fully-washed/,https://www.smallbatchroasting.co.uk/wp-content/uploads/2024/09/f46ad1_1cfbc7fcd7a64acd94931979e5a07e9cmv2-scaled.jpg,4.00,17.00,102.00,24.00,23.53,Gross margin = (6kg roasted selling total - 6kg green coffee cost) / 6kg roasted selling total. Assumes fixed £4/kg uplift and no roast weight-loss adjustment.
Small Batch Roasting,Ugandan Robusta Scr 18 – Direct Trade,Uganda,Fully Washed,,Green Beans,,1.00,9.00,9.00,0,9.00,54.00,42,yes,Small Batch 6 kg total calculated from the Green Beans variation: catalogue unit price per kg x 6. Static crawl had no extra cart/kg discount.,https://www.smallbatchroasting.co.uk/all-products/ugandan-robusta-scr-18/,https://www.smallbatchroasting.co.uk/wp-content/uploads/2024/09/f46ad1_efd72c5aec20490caf2c4f39d050cdeemv2.jpeg,4.00,13.00,78.00,24.00,30.77,Gross margin = (6kg roasted selling total - 6kg green coffee cost) / 6kg roasted selling total. Assumes fixed £4/kg uplift and no roast weight-loss adjustment.
Small Batch Roasting,Ugandan Rwenzori – Byaruhanga Farm Robusta Scr 14+,Uganda,,,Green Beans,,1.00,7.00,7.00,0,7.00,42.00,682,yes,Small Batch 6 kg total calculated from the Green Beans variation: catalogue unit price per kg x 6. Static crawl had no extra cart/kg discount.,https://www.smallbatchroasting.co.uk/origin/uganda/ugandan-rwenzori-byaruhanga-farm-robusta-scr-14/,https://www.smallbatchroasting.co.uk/wp-content/uploads/2025/07/Byaruhanga.webp,4.00,11.00,66.00,24.00,36.36,Gross margin = (6kg roasted selling total - 6kg green coffee cost) / 6kg roasted selling total. Assumes fixed £4/kg uplift and no roast weight-loss adjustment.
Small Batch Roasting,Vietnam Robusta Wet Polish Scr18 RFA,Vietnam,Wet Polish,,Green Beans,,1.00,6.80,6.80,0,6.80,40.80,120,yes,Small Batch 6 kg total calculated from the Green Beans variation: catalogue unit price per kg x 6. Static crawl had no extra cart/kg discount.,https://www.smallbatchroasting.co.uk/all-products/vietnam-robusta-wet-polish-scr18-rfa/,https://www.smallbatchroasting.co.uk/wp-content/uploads/2024/09/afd28f_83479152e06c42e48e5c676bc52ade40mv2.jpg,4.00,10.80,64.80,24.00,37.04,Gross margin = (6kg roasted selling total - 6kg green coffee cost) / 6kg roasted selling total. Assumes fixed £4/kg uplift and no roast weight-loss adjustment.
Small Batch Roasting,Vietnam Son La G1 Arabica,Vietnam,,,Green Beans,,1.00,10.90,10.90,0,10.90,65.40,60,yes,Small Batch 6 kg total calculated from the Green Beans variation: catalogue unit price per kg x 6. Static crawl had no extra cart/kg discount.,https://www.smallbatchroasting.co.uk/origin/vietnam/vietnam-son-la-g1-arabica/,https://www.smallbatchroasting.co.uk/wp-content/uploads/2024/09/f46ad1_3c4b4135f46a4154bcc1024ec9457e5bmv2.jpg,4.00,14.90,89.40,24.00,26.85,Gross margin = (6kg roasted selling total - 6kg green coffee cost) / 6kg roasted selling total. Assumes fixed £4/kg uplift and no roast weight-loss adjustment.
